cell_id,mean_temperature_in_C,c_rate,Ah_norm,SOH,cycle_number,depth_of_discharge,cathode_material,condition_folder,starttime,test_version
S2000FLPGG,40.0,2.0,0.0,1.0,0.0,0.8,NFM_NaIon,DOD80_2C2C_40degC,2023-07-10 15:47:48,0
S2000FLPGG,40.0,2.0,381.2682815577843,0.9917974191098642,381.71941387201855,0.8,NFM_NaIon,DOD80_2C2C_40degC,2023-08-08 15:30:44,2
S2000FLPGG,40.0,2.0,758.9630228002525,0.9921883753144276,759.8610590688221,0.8,NFM_NaIon,DOD80_2C2C_40degC,2023-08-28 12:17:36,4
S2000FLPGG,40.0,2.0,1135.2868547428195,0.990765281608211,1136.6301728494486,0.8,NFM_NaIon,DOD80_2C2C_40degC,2023-09-18 11:21:26,6
S2000FLPGG,40.0,2.0,1510.3921222021982,0.9938847967650264,1512.179280291264,0.8,NFM_NaIon,DOD80_2C2C_40degC,2023-10-12 17:22:47,8
S2000FLPGG,40.0,2.0,1885.1046911808692,0.9938333701008554,1887.3352245953763,0.8,NFM_NaIon,DOD80_2C2C_40degC,2023-11-02 17:41:36,10
S2000FLPGG,40.0,2.0,2259.4085051990896,0.9916553283656248,2262.0819302833543,0.8,NFM_NaIon,DOD80_2C2C_40degC,2023-11-29 14:48:35,12
S2000FLPGG,40.0,2.0,2632.957368492785,0.9924316319701376,2636.0727919580554,0.8,NFM_NaIon,DOD80_2C2C_40degC,2023-12-22 10:49:14,14
S2000FLPGG,40.0,2.0,3006.5575577439195,0.991278031797936,3010.115040321179,0.8,NFM_NaIon,DOD80_2C2C_40degC,2024-01-10 11:31:11,16
S2000FLPGG,40.0,2.0,3754.001445060508,0.9829811680482996,3758.4433339913926,0.8,NFM_NaIon,DOD80_2C2C_40degC,2024-02-19 12:03:44,20
S2000FLPGG,40.0,2.0,4127.663954203563,0.9754762120445456,4132.547975985896,0.8,NFM_NaIon,DOD80_2C2C_40degC,2024-03-13 10:30:59,22
S2000FLYO2,40.0,2.0,0.0,1.0,0.0,1.0,NFM_NaIon,DOD100_2C2C_40degC,2023-07-03 15:38:04,0
S2000FLYO2,40.0,2.0,482.3453763554152,1.0111760538415928,389.7285878725534,1.0,NFM_NaIon,DOD100_2C2C_40degC,2023-07-27 14:24:13,2
S2000FLYO2,40.0,2.0,964.305665879844,0.9991441775456116,779.1460307560479,1.0,NFM_NaIon,DOD100_2C2C_40degC,2023-08-24 14:45:06,4
S2000FLYO2,40.0,2.0,1436.3572034674878,0.966063313142065,1160.5573351147336,1.0,NFM_NaIon,DOD100_2C2C_40degC,2023-09-29 17:34:34,6
S2000FLYO2,40.0,2.0,1891.976217253428,0.930806279075752,1528.6913808733468,1.0,NFM_NaIon,DOD100_2C2C_40degC,2023-10-19 13:26:29,8
S2000FM244,40.0,2.0,0.0,1.0,0.0,0.2,NFM_NaIon,DOD20_2C2C_40degC,2023-07-03 15:39:27,0
S2000FM244,40.0,2.0,97.68842717411766,0.997869585326093,398.468772123057,0.2,NFM_NaIon,DOD20_2C2C_40degC,2023-07-21 13:14:28,2
S2000FM244,40.0,2.0,195.339086289825,0.9939063514086792,796.7834892337079,0.2,NFM_NaIon,DOD20_2C2C_40degC,2023-08-08 15:23:06,4
S2000FM244,40.0,2.0,292.98811948896605,0.9963902851537134,1195.0915742693376,0.2,NFM_NaIon,DOD20_2C2C_40degC,2023-08-24 14:47:49,6
S2000FM244,40.0,2.0,390.624039287112,0.9974654196440244,1593.346170054049,0.2,NFM_NaIon,DOD20_2C2C_40degC,2023-09-05 13:03:54,8
S2000FM244,40.0,2.0,488.2410289310233,0.9983876841521028,1991.5235501896595,0.2,NFM_NaIon,DOD20_2C2C_40degC,2023-09-29 17:37:56,10
S2000FM244,40.0,2.0,585.872451826898,0.9968287009257644,2389.7598032169103,0.2,NFM_NaIon,DOD20_2C2C_40degC,2023-10-19 13:27:50,12
S2000FM244,40.0,2.0,683.500390923723,0.9970478054365616,2787.981845910657,0.2,NFM_NaIon,DOD20_2C2C_40degC,2023-11-02 17:37:45,14
S2000FM244,40.0,2.0,781.1214513822575,0.9939553801145192,3186.175830802341,0.2,NFM_NaIon,DOD20_2C2C_40degC,2023-11-29 14:47:01,16
S2000FM244,40.0,2.0,878.7390244137869,0.9942683857404888,3584.355590562176,0.2,NFM_NaIon,DOD20_2C2C_40degC,2023-12-22 10:45:12,18
S2000FM244,40.0,2.0,976.3579917403162,0.9944135089842288,3982.5410376181694,0.2,NFM_NaIon,DOD20_2C2C_40degC,2024-01-05 18:37:33,20
S2000FM244,40.0,2.0,1073.968903046323,0.9935680987974816,4380.693624357967,0.2,NFM_NaIon,DOD20_2C2C_40degC,2024-01-19 09:16:13,22
S2000FM244,40.0,2.0,1171.5698943546229,0.992348367177542,4778.805747662942,0.2,NFM_NaIon,DOD20_2C2C_40degC,2024-01-29 17:24:38,24
S2000FM244,40.0,2.0,1653.3231740662145,0.9897272370698772,6743.865923018021,0.2,NFM_NaIon,DOD20_2C2C_40degC,2024-03-13 10:32:13,26
S2000FM42G,25.0,1.0,0.0,1.0,0.0,1.0,NFM_NaIon,DOD100_1C1C_25degC,2023-07-03 15:02:28,0
S2000FM42G,25.0,1.0,470.0879614245378,1.0048561084718637,377.7210846269942,1.0,NFM_NaIon,DOD100_1C1C_25degC,2023-08-08 15:09:23,2
S2000FM42G,25.0,1.0,1417.3244847480914,1.0069428839200796,1138.836527583325,1.0,NFM_NaIon,DOD100_1C1C_25degC,2023-10-12 17:25:16,6
S2000FM42G,25.0,1.0,1884.676405335846,0.9973513722047916,1514.359171924119,1.0,NFM_NaIon,DOD100_1C1C_25degC,2023-11-10 10:47:13,8
S2000FM42G,25.0,1.0,2347.8285621481705,0.9825096064224094,1886.50725775968,1.0,NFM_NaIon,DOD100_1C1C_25degC,2023-12-22 10:21:59,10
S2000FM42G,25.0,1.0,2803.5619766772484,0.9630344075391614,2252.694298829695,1.0,NFM_NaIon,DOD100_1C1C_25degC,2024-01-19 09:11:56,12
S2000FM42G,25.0,1.0,3249.7578102908933,0.9410582674700873,2611.2177839192973,1.0,NFM_NaIon,DOD100_1C1C_25degC,2024-02-21 23:32:08,14
S2000FM42G,25.0,1.0,3684.532017859732,0.9157029211638376,2960.56386109406,1.0,NFM_NaIon,DOD100_1C1C_25degC,2024-03-19 18:04:22,16
S2000FMEL8,40.0,2.0,0.0,1.0,0.0,0.8,NFM_NaIon,DOD80_2C2C_40degC,2023-07-10 15:46:52,0
S2000FMEL8,40.0,2.0,379.86532583958535,0.9960784361788328,383.9937587555158,0.8,NFM_NaIon,DOD80_2C2C_40degC,2023-08-08 15:29:30,2
S2000FMEL8,40.0,2.0,756.7135346754885,0.9981350698483856,764.9376100305622,0.8,NFM_NaIon,DOD80_2C2C_40degC,2023-08-28 12:15:30,4
S2000FMEL8,40.0,2.0,1132.5101570646386,0.9940496299857696,1144.818446060791,0.8,NFM_NaIon,DOD80_2C2C_40degC,2023-09-18 11:20:34,6
S2000FMEL8,40.0,2.0,1507.702183004376,0.9947534307609572,1524.088114797382,0.8,NFM_NaIon,DOD80_2C2C_40degC,2023-10-12 17:22:03,8
S2000FMEL8,40.0,2.0,1882.7041486983571,0.9954393045592976,1903.16565768517,0.8,NFM_NaIon,DOD80_2C2C_40degC,2023-11-02 17:39:45,10
S2000FMEL8,40.0,2.0,2257.3844336471034,0.9933237841185076,2281.918023753491,0.8,NFM_NaIon,DOD80_2C2C_40degC,2023-11-29 14:47:57,12
S2000FMEL8,40.0,2.0,2631.418548540417,0.9938237208078418,2660.0171970940146,0.8,NFM_NaIon,DOD80_2C2C_40degC,2023-12-22 10:48:29,14
S2000FMEL8,40.0,2.0,3005.5101777355453,0.9910244772450528,3038.1745098103484,0.8,NFM_NaIon,DOD80_2C2C_40degC,2024-01-10 11:30:23,16
S2000FMEL8,40.0,2.0,3753.5353481792886,0.9789639348294024,3794.3293291731625,0.8,NFM_NaIon,DOD80_2C2C_40degC,2024-02-19 12:02:32,20
S2000FMEL8,40.0,2.0,4127.3514467493305,0.9707887979110316,4172.208116756555,0.8,NFM_NaIon,DOD80_2C2C_40degC,2024-03-13 10:30:27,22
S2000FMG4P,40.0,2.0,0.0,1.0,0.0,1.0,NFM_NaIon,DOD100_2C2C_40degC,2023-07-03 15:38:45,0
S2000FMG4P,40.0,2.0,488.1168436000928,1.007048741066202,388.4611916312556,1.0,NFM_NaIon,DOD100_2C2C_40degC,2023-07-27 14:25:29,2
S2000FMG4P,40.0,2.0,975.065143701894,0.9945227068833152,775.9924137157293,1.0,NFM_NaIon,DOD100_2C2C_40degC,2023-08-24 14:46:50,4
S2000FMG4P,40.0,2.0,1451.983335971292,0.9631940599483853,1155.541310068462,1.0,NFM_NaIon,DOD100_2C2C_40degC,2023-09-29 17:35:08,6
S2000FMG4P,40.0,2.0,1912.694079713737,0.9304359038334592,1522.1917276027898,1.0,NFM_NaIon,DOD100_2C2C_40degC,2023-10-19 13:26:57,8
S2000FMK8H,40.0,1.0,0.0,1.0,0.0,1.0,NFM_NaIon,DOD100_1C1C_40degC,2023-07-10 15:48:44,0
S2000FMK8H,40.0,1.0,488.5756041664591,0.9847653944667694,391.1107896036984,1.0,NFM_NaIon,DOD100_1C1C_40degC,2023-08-14 15:28:35,2
S2000FMK8H,40.0,1.0,975.0778607550996,0.9803804115141784,780.5618389310337,1.0,NFM_NaIon,DOD100_1C1C_40degC,2023-09-18 11:21:57,4
S2000FMK8H,40.0,1.0,1453.6992135544683,0.9635574411305196,1163.7041276949524,1.0,NFM_NaIon,DOD100_1C1C_40degC,2023-10-25 11:06:20,6
S2000FMK8H,40.0,1.0,1916.9455214378124,0.929097635020004,1534.5385036076798,1.0,NFM_NaIon,DOD100_1C1C_40degC,2023-12-07 15:27:23,8
S2000FMOQ0,40.0,2.0,0.0,1.0,0.0,0.8,NFM_NaIon,DOD80_2C2C_40degC,2023-07-21 15:11:47,0
S2000FMOQ0,40.0,2.0,377.1340521675217,0.9952897704988036,380.85998892515744,0.8,NFM_NaIon,DOD80_2C2C_40degC,2023-08-09 11:54:49,2
S2000FMOQ0,40.0,2.0,751.5726847033523,0.9915636818362372,758.9979285281324,0.8,NFM_NaIon,DOD80_2C2C_40degC,2023-08-28 12:17:10,4
S2000FMOQ0,40.0,2.0,1124.025890853204,0.9888892106338616,1135.1308265098864,0.8,NFM_NaIon,DOD80_2C2C_40degC,2023-09-18 11:21:02,6
S2000FMOQ0,40.0,2.0,1494.6342548690216,0.991009589747172,1509.4006560397231,0.8,NFM_NaIon,DOD80_2C2C_40degC,2023-10-12 17:22:26,8
S2000FMOQ0,40.0,2.0,1865.4057980752643,0.9919817909582244,1883.8352769064893,0.8,NFM_NaIon,DOD80_2C2C_40degC,2023-11-02 17:40:39,10
S2000FMOQ0,40.0,2.0,2235.924490791687,0.9896701011897788,2258.0145492196066,0.8,NFM_NaIon,DOD80_2C2C_40degC,2023-11-29 14:48:18,12
S2000FMOQ0,40.0,2.0,2605.5900797278364,0.9904398894635256,2631.33228942116,0.8,NFM_NaIon,DOD80_2C2C_40degC,2023-12-22 10:48:57,14
S2000FMOQ0,40.0,2.0,2975.900562912869,0.9891774728438912,3005.301295174248,0.8,NFM_NaIon,DOD80_2C2C_40degC,2024-01-10 11:30:47,16
S2000FMOQ0,40.0,2.0,3716.858612109517,0.978762336867356,3753.579719753338,0.8,NFM_NaIon,DOD80_2C2C_40degC,2024-02-19 12:03:05,20
S2000FMOQ0,40.0,2.0,4087.1864026631015,0.9698816778184616,4127.566203865002,0.8,NFM_NaIon,DOD80_2C2C_40degC,2024-03-13 10:30:40,22
S2000FMUJX,40.0,1.0,0.0,1.0,0.0,1.0,NFM_NaIon,DOD100_1C1C_40degC,2023-07-10 15:49:40,0
S2000FMUJX,40.0,1.0,487.91182166851,1.0029709225124028,391.3754549974102,1.0,NFM_NaIon,DOD100_1C1C_40degC,2023-08-14 15:29:32,2
S2000FMUJX,40.0,1.0,974.0851472237104,0.9815457904294422,781.3563860723809,1.0,NFM_NaIon,DOD100_1C1C_40degC,2023-09-18 11:23:54,4
S2000FMUJX,40.0,1.0,1451.5984159732268,0.958441887633024,1164.390706054721,1.0,NFM_NaIon,DOD100_1C1C_40degC,2023-10-25 11:07:08,6
S2000FMUJX,40.0,1.0,1913.038620659736,0.9233886029732696,1534.5321169467466,1.0,NFM_NaIon,DOD100_1C1C_40degC,2023-12-07 15:28:40,8
S2000FMW48,40.0,2.0,0.0,1.0,0.0,0.2,NFM_NaIon,DOD20_2C2C_40degC,2023-07-03 15:39:02,0
S2000FMW48,40.0,2.0,97.67248146587688,0.9986982337097552,393.8636685171457,0.2,NFM_NaIon,DOD20_2C2C_40degC,2023-07-21 13:13:09,2
S2000FMW48,40.0,2.0,195.32192180958677,0.996365292201493,787.6344238537592,0.2,NFM_NaIon,DOD20_2C2C_40degC,2023-08-08 15:22:30,4
S2000FMW48,40.0,2.0,292.9732736318808,0.9978393141510912,1181.4128872157671,0.2,NFM_NaIon,DOD20_2C2C_40degC,2023-08-24 14:47:26,6
S2000FMW48,40.0,2.0,390.6180864928784,0.9974149085398047,1575.164982257386,0.2,NFM_NaIon,DOD20_2C2C_40degC,2023-09-05 13:03:41,8
S2000FMW48,40.0,2.0,488.2420782231872,0.9985168990811252,1968.8331162201755,0.2,NFM_NaIon,DOD20_2C2C_40degC,2023-09-29 17:37:36,10
S2000FMW48,40.0,2.0,585.8795173673243,0.9972184530517538,2362.5554767948315,0.2,NFM_NaIon,DOD20_2C2C_40degC,2023-10-19 13:27:28,12
S2000FMW48,40.0,2.0,683.5118387832255,0.9977288309570944,2756.257200162496,0.2,NFM_NaIon,DOD20_2C2C_40degC,2023-11-02 17:37:17,14
S2000FMW48,40.0,2.0,781.1312236714894,0.9944941478869292,3149.906757063652,0.2,NFM_NaIon,DOD20_2C2C_40degC,2023-11-29 14:46:48,16
S2000FMW48,40.0,2.0,878.7454047992186,0.9943929205134944,3543.5353298331106,0.2,NFM_NaIon,DOD20_2C2C_40degC,2023-12-22 10:44:44,18
S2000FMW48,40.0,2.0,976.3596976457204,0.9955058580364312,3937.16435310782,0.2,NFM_NaIon,DOD20_2C2C_40degC,2024-01-05 18:37:21,20
S2000FMW48,40.0,2.0,1073.9698357060824,0.9951164556712496,4330.776622233495,0.2,NFM_NaIon,DOD20_2C2C_40degC,2024-01-19 09:15:54,22
S2000FMW48,40.0,2.0,1171.5696496507844,0.994584638103658,4724.3472594275645,0.2,NFM_NaIon,DOD20_2C2C_40degC,2024-01-29 17:24:21,24
S2000FMW48,40.0,2.0,1653.2398825190069,0.9924452552487804,6666.679450498848,0.2,NFM_NaIon,DOD20_2C2C_40degC,2024-03-13 10:31:43,26
S2000FMYNP,25.0,2.0,0.0,1.0,0.0,0.8,NFM_NaIon,DOD80_2C2C_25degC,2023-07-03 15:01:44,0
S2000FMYNP,25.0,2.0,374.9177550036018,1.0019950601373944,374.2615639322221,0.8,NFM_NaIon,DOD80_2C2C_25degC,2023-07-24 12:25:59,2
S2000FMYNP,25.0,2.0,748.5328269714271,0.9996524613154296,747.2227248193203,0.8,NFM_NaIon,DOD80_2C2C_25degC,2023-08-14 15:06:41,4
S2000FMYNP,25.0,2.0,1121.0058905472467,1.0003029527768177,1119.0438760880113,0.8,NFM_NaIon,DOD80_2C2C_25degC,2023-09-01 17:01:00,6
S2000FMYNP,25.0,2.0,1492.773736635471,1.0009574084350463,1490.1610441595951,0.8,NFM_NaIon,DOD80_2C2C_25degC,2023-09-18 11:09:37,8
S2000FMYNP,25.0,2.0,1864.306632760801,1.0021615968735296,1861.043673483986,0.8,NFM_NaIon,DOD80_2C2C_25degC,2023-10-12 17:24:25,10
S2000FMYNP,25.0,2.0,2235.6098439304856,1.0019474873791956,2231.6970198534777,0.8,NFM_NaIon,DOD80_2C2C_25degC,2023-11-02 17:21:05,12
S2000FMYNP,25.0,2.0,2606.52459593339,1.000412308323228,2601.962586947802,0.8,NFM_NaIon,DOD80_2C2C_25degC,2023-11-29 14:38:49,14
S2000FMYNP,25.0,2.0,2976.8455314025364,1.0024000556560222,2971.635376821929,0.8,NFM_NaIon,DOD80_2C2C_25degC,2023-12-22 10:20:59,16
S2000FMYNP,25.0,2.0,3346.946623284868,1.0035836455936709,3341.088707885361,0.8,NFM_NaIon,DOD80_2C2C_25degC,2024-01-10 11:21:40,18
S2000FMYNP,25.0,2.0,3716.888191505372,1.0027415196292568,3710.3827944895406,0.8,NFM_NaIon,DOD80_2C2C_25degC,2024-01-29 17:16:45,20
S2000FMYNP,25.0,2.0,4086.6631953102224,1.0030509993454515,4079.510608203557,0.8,NFM_NaIon,DOD80_2C2C_25degC,2024-02-19 11:59:06,22
S2000FMYNP,25.0,2.0,4456.351959624039,1.0021664331920188,4448.5523333652,0.8,NFM_NaIon,DOD80_2C2C_25degC,2024-03-07 23:59:52,24
S2000FMYNP,25.0,2.0,4825.848134002257,1.001802008472941,4817.401805667297,0.8,NFM_NaIon,DOD80_2C2C_25degC,2024-03-24 00:52:03,26
S2000FN0IZ,40.0,2.0,0.0,1.0,0.0,0.2,NFM_NaIon,DOD20_2C2C_40degC,2023-07-03 15:39:46,0
S2000FN0IZ,40.0,2.0,97.6922893837854,1.0013828477233366,388.8535175608162,0.2,NFM_NaIon,DOD20_2C2C_40degC,2023-07-21 13:15:31,2
S2000FN0IZ,40.0,2.0,195.3744431936053,0.9995714086385252,777.666691573397,0.2,NFM_NaIon,DOD20_2C2C_40degC,2023-08-08 15:24:06,4
S2000FN0IZ,40.0,2.0,293.0584236542465,1.000982724728883,1166.4871363706193,0.2,NFM_NaIon,DOD20_2C2C_40degC,2023-08-24 14:48:16,6
S2000FN0IZ,40.0,2.0,390.7432506380872,1.000419019463626,1555.3109506612363,0.2,NFM_NaIon,DOD20_2C2C_40degC,2023-09-05 13:04:10,8
S2000FN0IZ,40.0,2.0,488.4276151597039,1.0000401414422273,1944.1329241713408,0.2,NFM_NaIon,DOD20_2C2C_40degC,2023-09-29 17:38:19,10
S2000FN0IZ,40.0,2.0,586.1348694932819,0.9983301439062068,2333.046008084872,0.2,NFM_NaIon,DOD20_2C2C_40degC,2023-10-19 13:28:13,12
S2000FN0IZ,40.0,2.0,683.8370738465812,0.99882043570836,2721.938991101932,0.2,NFM_NaIon,DOD20_2C2C_40degC,2023-11-02 17:38:13,14
S2000FN0IZ,40.0,2.0,781.5253270761275,0.995225283570759,3110.7764431904043,0.2,NFM_NaIon,DOD20_2C2C_40degC,2023-11-29 14:47:41,16
S2000FN0IZ,40.0,2.0,879.2118475546033,0.9954060073675997,3499.606998251966,0.2,NFM_NaIon,DOD20_2C2C_40degC,2023-12-22 10:45:38,18
S2000FN0IZ,40.0,2.0,976.8943498597478,0.9956355992389392,3888.4215594122297,0.2,NFM_NaIon,DOD20_2C2C_40degC,2024-01-05 18:37:45,20
S2000FN0IZ,40.0,2.0,1074.5644558982967,0.99503767502126,4277.186778583471,0.2,NFM_NaIon,DOD20_2C2C_40degC,2024-01-19 09:16:43,22
S2000FN0IZ,40.0,2.0,1171.7855801853393,0.995420375893812,4664.164874794496,0.2,NFM_NaIon,DOD20_2C2C_40degC,2024-01-29 17:24:49,24
S2000FN0IZ,40.0,2.0,1653.634400572408,0.9931558632109296,6582.111622914624,0.2,NFM_NaIon,DOD20_2C2C_40degC,2024-03-13 10:32:52,26
S2000FN3JX,40.0,2.0,0.0,1.0,0.0,1.0,NFM_NaIon,DOD100_2C2C_40degC,2023-07-03 15:38:23,0
S2000FN3JX,40.0,2.0,484.3410156723264,1.005336805099988,388.1265078056833,1.0,NFM_NaIon,DOD100_2C2C_40degC,2023-07-27 14:24:38,2
S2000FN3JX,40.0,2.0,967.422687389947,0.9929240618228184,775.2438407625514,1.0,NFM_NaIon,DOD100_2C2C_40degC,2023-08-24 14:45:30,4
S2000FN3JX,40.0,2.0,1440.4522089638467,0.9617583418639094,1154.30588662835,1.0,NFM_NaIon,DOD100_2C2C_40degC,2023-09-29 17:34:50,6
S2000FN3JX,40.0,2.0,1897.5162648251107,0.9290992648814204,1520.5740119876743,1.0,NFM_NaIon,DOD100_2C2C_40degC,2023-10-19 13:26:42,8
S2000FN6H3,25.0,2.0,0.0,1.0,0.0,0.2,NFM_NaIon,DOD20_2C2C_25degC,2023-07-03 15:00:05,0
S2000FN6H3,25.0,2.0,97.66020546229934,1.00348286232596,393.2856201392982,0.2,NFM_NaIon,DOD20_2C2C_25degC,2023-07-21 12:50:27,2
S2000FN6H3,25.0,2.0,195.3170428454052,1.0033648047137798,786.5576767487223,0.2,NFM_NaIon,DOD20_2C2C_25degC,2023-08-08 15:04:57,4
S2000FN6H3,25.0,2.0,292.9769533536114,1.0041812212200447,1179.8421090838085,0.2,NFM_NaIon,DOD20_2C2C_25degC,2023-08-24 14:36:56,6
S2000FN6H3,25.0,2.0,390.6329437518198,1.0042020972889836,1573.1107548159046,0.2,NFM_NaIon,DOD20_2C2C_25degC,2023-09-05 12:56:49,8
S2000FN6H3,25.0,2.0,488.2708109990868,1.005022415085516,1966.3064171396295,0.2,NFM_NaIon,DOD20_2C2C_25degC,2023-09-29 17:19:13,10
S2000FN6H3,25.0,2.0,585.9219562952576,1.0043389315131592,2359.5555512502783,0.2,NFM_NaIon,DOD20_2C2C_25degC,2023-10-19 13:07:55,12
S2000FN6H3,25.0,2.0,683.5685856325574,1.0050599324655634,2752.786499225881,0.2,NFM_NaIon,DOD20_2C2C_25degC,2023-11-02 17:18:25,14
S2000FN6H3,25.0,2.0,781.207194841177,1.001850796965484,3145.9851494885456,0.2,NFM_NaIon,DOD20_2C2C_25degC,2023-12-07 15:15:01,16
S2000FN6H3,25.0,2.0,878.8292187020883,1.005227473714766,3539.117009202,0.2,NFM_NaIon,DOD20_2C2C_25degC,2024-01-01 17:10:28,18
S2000FN6H3,25.0,2.0,976.4689155784064,1.004752448851712,3932.32003959128,0.2,NFM_NaIon,DOD20_2C2C_25degC,2024-01-14 13:28:34,20
S2000FN6H3,25.0,2.0,1074.1061499060663,1.004639757702735,4325.513153096079,0.2,NFM_NaIon,DOD20_2C2C_25degC,2024-01-29 17:15:19,22
S2000FN6H3,25.0,2.0,1555.8319192733054,0.9994620497797144,6265.462153262912,0.2,NFM_NaIon,DOD20_2C2C_25degC,2024-03-11 11:52:33,24
S2000FN6H3,25.0,2.0,1653.4465237211964,1.0025795842336127,6658.564134394432,0.2,NFM_NaIon,DOD20_2C2C_25degC,2024-03-22 21:17:43,26
S2000FN72C,25.0,2.0,0.0,1.0,0.0,0.2,NFM_NaIon,DOD20_2C2C_25degC,2023-07-03 15:00:28,0
S2000FN72C,25.0,2.0,97.66441632156878,1.0023520790931135,392.6192226034602,0.2,NFM_NaIon,DOD20_2C2C_25degC,2023-07-21 12:51:03,2
S2000FN72C,25.0,2.0,195.32483399011264,1.0005735652162044,785.2223702832047,0.2,NFM_NaIon,DOD20_2C2C_25degC,2023-08-08 15:05:31,4
S2000FN72C,25.0,2.0,292.98631541404256,1.002375119137348,1177.8297943496666,0.2,NFM_NaIon,DOD20_2C2C_25degC,2023-08-24 14:37:12,6
S2000FN72C,25.0,2.0,390.6433848288205,1.0023368449678864,1570.4194817657842,0.2,NFM_NaIon,DOD20_2C2C_25degC,2023-09-05 12:56:27,8
S2000FN72C,25.0,2.0,488.2819308207912,1.0029780574481744,1962.9347034538869,0.2,NFM_NaIon,DOD20_2C2C_25degC,2023-09-29 17:19:38,10
S2000FN72C,25.0,2.0,585.9186719460295,1.0026905632450918,2355.442669424912,0.2,NFM_NaIon,DOD20_2C2C_25degC,2023-10-25 10:54:23,12
S2000FN72C,25.0,2.0,683.5553567244236,1.003621087129441,2747.9504088768526,0.2,NFM_NaIon,DOD20_2C2C_25degC,2023-11-10 10:46:26,14
S2000FN72C,25.0,2.0,781.1864132644837,1.0043111743214372,3140.4355223341627,0.2,NFM_NaIon,DOD20_2C2C_25degC,2023-12-07 15:14:18,16
S2000FN72C,25.0,2.0,878.8141030681061,1.004008457183421,3532.90710122594,0.2,NFM_NaIon,DOD20_2C2C_25degC,2024-01-01 17:10:52,18
S2000FN72C,25.0,2.0,976.4560311461876,1.0035065109154089,3925.435919186561,0.2,NFM_NaIon,DOD20_2C2C_25degC,2024-01-14 13:28:54,20
S2000FN72C,25.0,2.0,1074.0960393614023,1.0035059330390157,4317.957019135907,0.2,NFM_NaIon,DOD20_2C2C_25degC,2024-01-29 17:15:40,22
S2000FN72C,25.0,2.0,1555.8358339702568,0.9994532739268044,6254.591781112242,0.2,NFM_NaIon,DOD20_2C2C_25degC,2024-03-11 11:53:08,24
S2000FN72C,25.0,2.0,1653.4532853086023,1.0021459408804767,6647.022200506742,0.2,NFM_NaIon,DOD20_2C2C_25degC,2024-03-22 21:18:02,26
S2000FN8BU,25.0,2.0,0.0,1.0,0.0,1.0,NFM_NaIon,DOD100_2C2C_25degC,2023-07-03 14:58:55,0
S2000FN8BU,25.0,2.0,465.18420555235866,1.01137842838684,374.3602277293679,1.0,NFM_NaIon,DOD100_2C2C_25degC,2023-07-27 13:49:36,2
S2000FN8BU,25.0,2.0,931.0265435557092,1.0142465193392936,749.2500921301632,1.0,NFM_NaIon,DOD100_2C2C_25degC,2023-08-24 14:35:43,4
S2000FN8BU,25.0,2.0,1396.1945864930703,1.0072883784154192,1123.5973128825983,1.0,NFM_NaIon,DOD100_2C2C_25degC,2023-09-18 11:05:37,6
S2000FN8BU,25.0,2.0,1858.562777072752,0.9949442828165894,1495.691332959432,1.0,NFM_NaIon,DOD100_2C2C_25degC,2023-10-19 13:08:29,8
S2000FN8BU,25.0,2.0,2315.754714276356,0.9785395135837556,1863.6197270981445,1.0,NFM_NaIon,DOD100_2C2C_25degC,2023-11-08 14:08:27,10
S2000FN8BU,25.0,2.0,2765.7915253044403,0.9585523022556548,2225.789983637754,1.0,NFM_NaIon,DOD100_2C2C_25degC,2023-12-22 10:14:47,12
S2000FN8BU,25.0,2.0,3206.5870404681245,0.9372537342817416,2580.523242998572,1.0,NFM_NaIon,DOD100_2C2C_25degC,2024-01-14 13:27:26,14
S2000FN8BU,25.0,2.0,3636.756773144491,0.9134146664079472,2926.7053299329064,1.0,NFM_NaIon,DOD100_2C2C_25degC,2024-02-05 14:37:02,16
S2000FN8BU,25.0,2.0,4054.519416687497,0.8866677742784593,3262.9027255170517,1.0,NFM_NaIon,DOD100_2C2C_25degC,2024-02-23 10:37:48,18
S2000FNA0F,40.0,1.0,0.0,1.0,0.0,1.0,NFM_NaIon,DOD100_1C1C_40degC,2023-07-10 15:49:11,0
S2000FNA0F,40.0,1.0,486.7502346360316,1.0090286201789032,391.795174219549,1.0,NFM_NaIon,DOD100_1C1C_40degC,2023-08-14 15:29:04,2
S2000FNA0F,40.0,1.0,972.430079908038,0.9966060794453756,782.7287702465891,1.0,NFM_NaIon,DOD100_1C1C_40degC,2023-09-18 11:23:29,4
S2000FNA0F,40.0,1.0,1449.209137191025,0.9682121179635564,1166.4979407989158,1.0,NFM_NaIon,DOD100_1C1C_40degC,2023-10-25 11:06:45,6
S2000FNA0F,40.0,1.0,1909.665477809085,0.930375341439404,1537.1286243728982,1.0,NFM_NaIon,DOD100_1C1C_40degC,2023-12-07 15:28:11,8
S2000FNNDT,25.0,2.0,0.0,1.0,0.0,0.8,NFM_NaIon,DOD80_2C2C_25degC,2023-07-03 15:01:17,0
S2000FNNDT,25.0,2.0,374.9526693632862,1.0027731014920929,374.9489461217137,0.8,NFM_NaIon,DOD80_2C2C_25degC,2023-07-24 12:25:22,2
S2000FNNDT,25.0,2.0,748.9719150722281,1.0011232187174937,748.9644778578844,0.8,NFM_NaIon,DOD80_2C2C_25degC,2023-08-14 15:06:06,4
S2000FNNDT,25.0,2.0,1122.114915392421,1.0018261639342,1122.1037729063328,0.8,NFM_NaIon,DOD80_2C2C_25degC,2023-09-01 17:00:19,6
S2000FNNDT,25.0,2.0,1494.748201435152,1.0025455411693605,1494.73335873873,0.8,NFM_NaIon,DOD80_2C2C_25degC,2023-09-18 11:09:15,8
S2000FNNDT,25.0,2.0,1867.2647919257467,1.0032374967381747,1867.246250177766,0.8,NFM_NaIon,DOD80_2C2C_25degC,2023-10-12 17:23:58,10
S2000FNNDT,25.0,2.0,2239.629266133696,1.002490863785173,2239.607026844655,0.8,NFM_NaIon,DOD80_2C2C_25degC,2023-11-02 17:20:41,12
S2000FNNDT,25.0,2.0,2611.708730281148,0.9998423146645298,2611.682796281168,0.8,NFM_NaIon,DOD80_2C2C_25degC,2023-11-29 14:35:49,14
S2000FNNDT,25.0,2.0,2983.3379446556296,1.0005986363003485,2983.3083204156446,0.8,NFM_NaIon,DOD80_2C2C_25degC,2023-12-22 10:20:32,16
S2000FNNDT,25.0,2.0,3354.849262462546,1.0005544303318727,3354.815949153257,0.8,NFM_NaIon,DOD80_2C2C_25degC,2024-01-10 11:21:14,18
S2000FNNDT,25.0,2.0,3726.252024250289,0.9991719443290816,3726.215022949646,0.8,NFM_NaIon,DOD80_2C2C_25degC,2024-01-29 17:16:23,20
S2000FNNDT,25.0,2.0,4097.559741086073,0.9998922950556351,4097.519052737862,0.8,NFM_NaIon,DOD80_2C2C_25degC,2024-02-19 11:58:51,22
S2000FNNDT,25.0,2.0,4468.942043426936,0.9994936945227056,4468.897667290531,0.8,NFM_NaIon,DOD80_2C2C_25degC,2024-03-07 23:59:17,24
S2000FNNDT,25.0,2.0,4840.133228182814,0.9985751690382404,4840.085166155993,0.8,NFM_NaIon,DOD80_2C2C_25degC,2024-03-24 00:51:40,26
S2000FNX7G,25.0,1.0,0.0,1.0,0.0,1.0,NFM_NaIon,DOD100_1C1C_25degC,2023-07-03 15:02:02,0
S2000FNX7G,25.0,1.0,470.5216059777923,1.0077565719256485,377.51652391742186,1.0,NFM_NaIon,DOD100_1C1C_25degC,2023-08-08 15:08:57,2
S2000FNX7G,25.0,1.0,941.6445237175049,1.012928531432955,755.5155020373006,1.0,NFM_NaIon,DOD100_1C1C_25degC,2023-09-05 12:59:28,4
S2000FNX7G,25.0,1.0,1412.8720715198142,1.008831539641008,1133.598428645468,1.0,NFM_NaIon,DOD100_1C1C_25degC,2023-10-12 17:24:56,6
S2000FNX7G,25.0,1.0,1881.8358298953367,0.9984691382160188,1509.8650350157886,1.0,NFM_NaIon,DOD100_1C1C_25degC,2023-11-10 10:46:58,8
S2000FNX7G,25.0,1.0,2346.077229285612,0.9833538697391044,1882.342721757018,1.0,NFM_NaIon,DOD100_1C1C_25degC,2023-12-22 10:21:36,10
S2000FNX7G,25.0,1.0,2802.80929474141,0.9640361825295628,2248.795397940044,1.0,NFM_NaIon,DOD100_1C1C_25degC,2024-01-19 09:11:24,12
S2000FNX7G,25.0,1.0,3249.966727200625,0.9421126635062048,2607.5659993347213,1.0,NFM_NaIon,DOD100_1C1C_25degC,2024-02-21 23:31:34,14
S2000FNX7G,25.0,1.0,3685.778883175229,0.9170158928996734,2957.2338745486286,1.0,NFM_NaIon,DOD100_1C1C_25degC,2024-03-19 18:04:05,16
S2000FOCH9,25.0,2.0,0.0,1.0,0.0,1.0,NFM_NaIon,DOD100_2C2C_25degC,2023-07-03 14:58:14,0
S2000FOCH9,25.0,2.0,463.8044746306715,1.0158520261823,377.5773825321357,1.0,NFM_NaIon,DOD100_2C2C_25degC,2023-07-24 12:27:18,2
S2000FOCH9,25.0,2.0,928.7999056281828,1.0168463624362418,756.1243076458936,1.0,NFM_NaIon,DOD100_2C2C_25degC,2023-08-14 15:01:24,4
S2000FOCH9,25.0,2.0,1392.966480771047,1.011605021361322,1133.9964716454056,1.0,NFM_NaIon,DOD100_2C2C_25degC,2023-09-01 16:56:26,6
S2000FOCH9,25.0,2.0,1853.8884987855677,0.9968548435630662,1509.2272825424673,1.0,NFM_NaIon,DOD100_2C2C_25degC,2023-09-21 17:40:37,8
S2000FOCH9,25.0,2.0,2308.9988460717777,0.978362625036578,1879.726885480655,1.0,NFM_NaIon,DOD100_2C2C_25degC,2023-10-19 13:09:37,10
S2000FOCH9,25.0,2.0,2755.819508003726,0.9578781080243436,2243.4779599563485,1.0,NFM_NaIon,DOD100_2C2C_25degC,2023-11-08 14:08:07,12
S2000FOCH9,25.0,2.0,3192.662498974739,0.9339731895745224,2599.106338142411,1.0,NFM_NaIon,DOD100_2C2C_25degC,2023-12-22 10:13:59,14
S2000FOCH9,25.0,2.0,3617.860589010741,0.908697693473068,2945.2547491108467,1.0,NFM_NaIon,DOD100_2C2C_25degC,2024-01-14 13:27:06,16
S2000FOCH9,25.0,2.0,4029.637177127777,0.8801030863103639,3280.476884371725,1.0,NFM_NaIon,DOD100_2C2C_25degC,2024-02-05 14:35:54,18
S2000FONCM,25.0,2.0,0.0,1.0,0.0,1.0,NFM_NaIon,DOD100_2C2C_25degC,2023-07-03 15:46:03,0
S2000FONCM,25.0,2.0,467.7314492971379,1.011137570812515,375.0540303236175,1.0,NFM_NaIon,DOD100_2C2C_25degC,2023-07-27 13:49:58,2
S2000FONCM,25.0,2.0,935.8570082065264,1.0134726129763187,750.4240804459591,1.0,NFM_NaIon,DOD100_2C2C_25degC,2023-08-24 14:36:06,4
S2000FONCM,25.0,2.0,1402.659826969783,1.0055559984194564,1124.7334812926897,1.0,NFM_NaIon,DOD100_2C2C_25degC,2023-09-18 11:05:56,6
S2000FONCM,25.0,2.0,1865.8124278460043,0.9930507618979636,1496.1159270840155,1.0,NFM_NaIon,DOD100_2C2C_25degC,2023-10-19 13:09:09,8
S2000FONCM,25.0,2.0,2323.0497655634786,0.9762711276890144,1862.75517399178,1.0,NFM_NaIon,DOD100_2C2C_25degC,2023-11-08 14:08:47,10
S2000FONCM,25.0,2.0,2772.6449783402086,0.95617160742668,2223.266524724143,1.0,NFM_NaIon,DOD100_2C2C_25degC,2023-12-22 10:15:31,12
S2000FONCM,25.0,2.0,3212.6760276349864,0.9342698958241492,2576.108778016147,1.0,NFM_NaIon,DOD100_2C2C_25degC,2024-01-14 13:27:49,14
S2000FONCM,25.0,2.0,3641.7082292212745,0.9098490951689204,2920.1315213774337,1.0,NFM_NaIon,DOD100_2C2C_25degC,2024-02-05 14:38:02,16
S2000FONCM,25.0,2.0,4058.028784869446,0.8824618047133792,3253.961334482905,1.0,NFM_NaIon,DOD100_2C2C_25degC,2024-02-23 10:38:06,18
S2000FPG1Z,25.0,2.0,0.0,1.0,0.0,0.2,NFM_NaIon,DOD20_2C2C_25degC,2023-07-03 14:59:40,0
S2000FPG1Z,25.0,2.0,97.64473151321737,1.0025634333274491,393.94853553228114,0.2,NFM_NaIon,DOD20_2C2C_25degC,2023-07-21 12:48:53,2
S2000FPG1Z,25.0,2.0,195.28482567211103,1.0016068436427463,787.8783616174037,0.2,NFM_NaIon,DOD20_2C2C_25degC,2023-08-08 15:04:07,4
S2000FPG1Z,25.0,2.0,292.9339214309407,1.0027890729133244,1181.8445047373243,0.2,NFM_NaIon,DOD20_2C2C_25degC,2023-08-24 14:36:39,6
S2000FPG1Z,25.0,2.0,390.57809203357897,1.0026408867095904,1575.7907772708982,0.2,NFM_NaIon,DOD20_2C2C_25degC,2023-09-05 12:55:44,8
S2000FPG1Z,25.0,2.0,488.2014539414343,1.003403152131204,1969.6530969407688,0.2,NFM_NaIon,DOD20_2C2C_25degC,2023-09-29 17:18:37,10
S2000FPG1Z,25.0,2.0,585.8382289623386,1.0024720105739464,2363.569531934228,0.2,NFM_NaIon,DOD20_2C2C_25degC,2023-10-19 13:07:36,12
S2000FPG1Z,25.0,2.0,683.4703798825033,1.0032041653775408,2757.467310952231,0.2,NFM_NaIon,DOD20_2C2C_25degC,2023-11-02 17:17:55,14
S2000FPG1Z,25.0,2.0,781.0914568432279,0.999898334355497,3151.320411982632,0.2,NFM_NaIon,DOD20_2C2C_25degC,2023-12-07 15:15:17,16
S2000FPG1Z,25.0,2.0,878.6997583973614,1.0034549292108437,3545.121970521805,0.2,NFM_NaIon,DOD20_2C2C_25degC,2024-01-01 17:10:04,18
S2000FPG1Z,25.0,2.0,976.3261809819091,1.0028152193703352,3938.996638518945,0.2,NFM_NaIon,DOD20_2C2C_25degC,2024-01-14 13:28:17,20
S2000FPG1Z,25.0,2.0,1073.9485664253152,1.0027520408322188,4332.855018634331,0.2,NFM_NaIon,DOD20_2C2C_25degC,2024-01-29 17:14:59,22
S2000FPG1Z,25.0,2.0,1555.6334031492222,0.9975813789487222,6276.216765599686,0.2,NFM_NaIon,DOD20_2C2C_25degC,2024-03-11 11:52:10,24
S2000FPG1Z,25.0,2.0,1653.227959192927,1.0008245535511708,6669.962867755094,0.2,NFM_NaIon,DOD20_2C2C_25degC,2024-03-22 21:17:24,26
S2000FPKDB,25.0,2.0,0.0,1.0,0.0,0.8,NFM_NaIon,DOD80_2C2C_25degC,2023-07-03 15:01:00,0
S2000FPKDB,25.0,2.0,373.7850369818094,1.0035650976640689,377.1913421948474,0.8,NFM_NaIon,DOD80_2C2C_25degC,2023-07-24 12:24:46,2
S2000FPKDB,25.0,2.0,746.5986870387405,1.001880127198691,753.4024452101281,0.8,NFM_NaIon,DOD80_2C2C_25degC,2023-08-14 15:04:45,4
S2000FPKDB,25.0,2.0,1118.4918881544472,1.0030735928566756,1128.6847112276369,0.8,NFM_NaIon,DOD80_2C2C_25degC,2023-09-01 16:59:58,6
S2000FPKDB,25.0,2.0,1489.9085737617595,1.0043358151360724,1503.4861192481555,0.8,NFM_NaIon,DOD80_2C2C_25degC,2023-09-18 11:08:04,8
S2000FPKDB,25.0,2.0,1861.3101028469705,1.0053850745022088,1878.2722326250985,0.8,NFM_NaIon,DOD80_2C2C_25degC,2023-10-12 17:23:36,10
S2000FPKDB,25.0,2.0,2232.5630656494072,1.005237534175626,2252.90842583387,0.8,NFM_NaIon,DOD80_2C2C_25degC,2023-11-02 17:20:15,12
S2000FPKDB,25.0,2.0,2603.5698553551406,1.003436437311355,2627.2962025690776,0.8,NFM_NaIon,DOD80_2C2C_25degC,2023-11-29 14:37:00,14
S2000FPKDB,25.0,2.0,2974.1657490167454,1.0052201481085423,3001.26933876212,0.8,NFM_NaIon,DOD80_2C2C_25degC,2023-12-22 10:20:06,16
S2000FPKDB,25.0,2.0,3344.6895529932253,1.0060870963961888,3375.169728316319,0.8,NFM_NaIon,DOD80_2C2C_25degC,2024-01-10 11:20:53,18
S2000FPKDB,25.0,2.0,3715.128011845397,1.0049675708133776,3748.983994995596,0.8,NFM_NaIon,DOD80_2C2C_25degC,2024-01-29 17:16:03,20
S2000FPKDB,25.0,2.0,4085.5055230226753,1.0051458607065538,4122.736758583464,0.8,NFM_NaIon,DOD80_2C2C_25degC,2024-02-19 11:58:32,22
S2000FPKDB,25.0,2.0,4455.7301838819385,1.0041017362379674,4496.33527892748,0.8,NFM_NaIon,DOD80_2C2C_25degC,2024-03-07 23:58:53,24
S2000FPKDB,25.0,2.0,4825.77336834321,1.003014029803447,4869.7506690780365,0.8,NFM_NaIon,DOD80_2C2C_25degC,2024-03-24 00:51:20,26
S2000FQ0EW,25.0,1.0,0.0,1.0,0.0,1.0,NFM_NaIon,DOD100_1C1C_25degC,2023-07-03 15:03:06,0
S2000FQ0EW,25.0,1.0,467.4812431648813,1.0060574515138476,376.75914414493815,1.0,NFM_NaIon,DOD100_1C1C_25degC,2023-08-08 15:10:14,2
S2000FQ0EW,25.0,1.0,934.6554529163184,1.011140344385892,753.2708395467139,1.0,NFM_NaIon,DOD100_1C1C_25degC,2023-09-05 13:00:17,4
S2000FQ0EW,25.0,1.0,1401.5282602750729,1.0067947755519533,1129.53962443781,1.0,NFM_NaIon,DOD100_1C1C_25degC,2023-10-12 17:25:43,6
S2000FQ0EW,25.0,1.0,1866.1845867372083,0.9971877212396209,1504.022071464375,1.0,NFM_NaIon,DOD100_1C1C_25degC,2023-11-10 10:47:32,8
S2000FQ0EW,25.0,1.0,2326.788377732937,0.9825558255922726,1875.2384413674945,1.0,NFM_NaIon,DOD100_1C1C_25degC,2023-12-22 10:22:29,10
S2000FQ0EW,25.0,1.0,2780.792636689227,0.9643775406031382,2241.136022379528,1.0,NFM_NaIon,DOD100_1C1C_25degC,2024-01-19 09:12:21,12
S2000FQ0EW,25.0,1.0,3226.343894639163,0.9441510393258378,2600.2210403825115,1.0,NFM_NaIon,DOD100_1C1C_25degC,2024-02-21 23:32:32,14
S2000FQ0EW,25.0,1.0,3661.458449962916,0.9201911414022236,2950.8947623032923,1.0,NFM_NaIon,DOD100_1C1C_25degC,2024-03-19 18:04:39,16
